Company,NumberOfComplaints
WELLS FARGO & COMPANY,5623
NATIONSTAR MORTGAGE,4596
Ocwen Financial Corporation,3907
"Shellpoint Partners, LLC",3899
"SELECT PORTFOLIO SERVICING, INC.",3143
"BANK OF AMERICA, NATIONAL ASSOCIATION",3006
"LoanCare, LLC",2740
JPMORGAN CHASE & CO.,2521
Specialized Loan Servicing Holdings LLC,2435
Freedom Mortgage Company,2040
"Rocket Mortgage, LLC",1394
U.S. BANCORP,1392
Ditech Financial LLC,1230
RUSHMORE LOAN MANAGEMENT SERVICES LLC,1188
"FLAGSTAR BANK, FSB",1161
"CARRINGTON MORTGAGE SERVICES, LLC",1100
"LAKEVIEW LOAN SERVICING, LLC",1079
PNC Bank N.A.,970
"PENNYMAC LOAN SERVICES, LLC.",953
"Fay Servicing, LLC",861
"CITIZENS FINANCIAL GROUP, INC.",849
"Caliber Home Loans, Inc.",798
"LD Holdings Group, LLC",794
"Dovenmuehle Mortgage, Inc.",786
AMERISAVE MORTGAGE CORPORATION,741
FIFTH THIRD FINANCIAL CORPORATION,733
"AmeriHome Mortgage Company, LLC",729
"Community Loan Servicing, LLC (formerly known as Bayview Loan Servicing, LLC)",724
TRUIST FINANCIAL CORPORATION,722
M&T BANK CORPORATION,611
NAVY FEDERAL CREDIT UNION,562
"CITIBANK, N.A.",537
"MONEY SOURCE, THE",407
1,394
RoundPoint Mortgage Servicing Corporation,391
TD BANK US HOLDING COMPANY,389
Home Point Financial Corporation,373
"SUNTRUST BANKS, INC.",359
"BSI Financial Holdings, Inc.",343
"United Shore Financial Services, LLC",330
PENTAGON FEDERAL CREDIT UNION,309
Selene Holdings LLC,293
PHH Mortgage Services Corporation,276
"SANTANDER BANK, NATIONAL ASSOCIATION",275
Selene Finance LP,266
MIDFIRST BANK,262
UNITED SERVICES AUTOMOBILE ASSOCIATION,258
GUARANTEED RATE INC.,254
"PLANET HOME LENDING, LLC",250
SN SERVICING CORPORATION,246
"HUNTINGTON NATIONAL BANK, THE",228
KEYCORP,221
HSBC NORTH AMERICA HOLDINGS INC.,217
CARDINAL FINANCIAL COMPANY,211
"Better Mortgage, Inc.",195
"TIAA, FSB",185
REGIONS FINANCIAL CORPORATION,180
"ARVEST BANK GROUP, INC.",168
CrossCountry Mortgage LLC,166
"Peer Advisors, LLC",159
Statebridge Company,158
"AMA Advisors, LLC.",158
ALLY FINANCIAL INC.,157
TCF NATIONAL BANK,155
"BROKER SOLUTIONS, INC.",146
2,144
Aspen Yo LLC,141
BMO HARRIS BANK NATIONAL ASSOCIATION,139
"CMG MORTGAGE, INC",133
"Reverse Mortgage Solutions, Inc.",132
AMERICAN ADVISORS GROUP,132
21ST MORTGAGE CORP.,131
MidAmerica Mortgage Inc,128
Guild Mortgage Company LLC,125
BBVA FINANCIAL CORPORATION,125
BB&T CORPORATION,119
"Mortgage Research Center, LLC",117
Fairway Independent Mortgage Corporation,112
BANCO POPULAR DE PUERTO RICO,111
"VANDERBILT MORTGAGE & FINANCE, INC",105
"Servis One, Inc., Titusville, PA Branch",103
Village Capital & Investment LLC,100
FCI Lender Services Inc.,100
"PLAZA HOME MORTGAGE, INC.",96
AMERIS BANCORP,93
"CIT BANK, NATIONAL ASSOCIATION",92
Novad Management Consulting LLC,88
Movement Mortgage LLC,83
3,81
PROVIDENT FUNDING ASSOCIATES,77
REVERSE MORTGAGE INVESTMENT TR,76
"Seterus, Inc.",75
FIRSTBANK PUERTO RICO,75
"SUN WEST MORTGAGE COMPANY, INC.",73
BANK OF THE WEST,71
STERLING BANCORP,67
"Real Time Group, Inc.",66
"IMPAC MORTGAGE HOLDINGS, INC.",66
American Financial Network Inc.,66
TFS FINANCIAL CORPORATION,64
PRIMARY RESIDENTIAL MORTGAGE,64
Cornerstone Home Lending Inc.,64
PARAMOUNT RESIDENTIAL MORTGAGE GROUP,63
FIRST HORIZON BANK,63
"EQUIFAX, INC.",61
BOK FINANCIAL CORP,60
FIRST NATIONAL BANK OF PENNSYLVANIA,59
DISCOVER BANK,59
SIERRA PACIFIC MORTGAGE,58
MUFG AMERICAS HOLDINGS CORPORATION,58
"AXOS FINANCIAL, INC.",58
"Stearns Ventures, LLC",55
WSFS FINANCIAL CORPORATION,53
LAND HOME FINANCIAL SERVICES,52
5,52
4,52
ZIONS BANCORPORATION,51
Southwest Business Corporation,49
"HILLTOP HOLDINGS, INC",49
GATEWAY FIRST BANK,49
Finance of America Holdings LLC,49
Union Home Mortgage Corp,48
"TRANSUNION INTERMEDIATE HOLDINGS, INC.",48
"Capital Markets Cooporative, LLC",48
Chrysalis Holdings LLC,48
"Nations Direct Mortgage, LLC",46
INTERCONTINENTAL CAPITAL GROUP,46
"Fidelity National Financial, Inc",46
Experian Information Solutions Inc.,46
"PEOPLE'S UNITED BANK, NATIONAL ASSOCIATION",45
AG AH LLC,45
"PRIMELENDING, A PLAINSCAPITAL COMPANY",44
"FIRST CITIZENS BANCSHARES, INC.",44
Academy Mortgage Corporation,44
AMERICAN INTERNET MORTGAGE,42
AMERICAN PACIFIC MORTGAGE,42
Idaho Housing And Finance Association,41
CAPITAL ONE FINANCIAL CORPORATION,41
"BANK OF NEW YORK MELLON CORPORATION, THE",41
Supreme Lending,40
ASSOCIATED BANC-CORP,40
"STATE FARM BANK, FSB",39
Synovus Bank,39
NATIONS LENDING CORPORATION,39
"Lennar Financial Services, LLC",39
Alabama Housing Finance Authority,39
"Brightfunders, LLC",38
7,38
"WEBSTER BANK, NATIONAL ASSOCIATION",36
DHI Mortgage Company,35
8,35
RP FUNDING INCORPORATED,34
Franklin Credit Management Corporation,34
"TRIAD FINANCIAL SERVICES, INC.",33
"JFQ Lending, Inc.",33
ClearPath Lending,33
"American Financial Resources, Inc.",33
The J. G. Wentworth Company,32
"MUFG UNION BANK, NATIONAL ASSOCIATION",32
"Neighborhood Assistance Corporation of America (""NACA"")",32
"Social Finance, Inc.",31
6,31
"ServiceMac, LLC",30
"Recovco Mortgage Management, LLC",30
ALLIANT CREDIT UNION,30
UMPQUA HOLDINGS CORPORATION,29
"PulteGroup, Inc.",29
"Eagle Home Mortgage, LLC",29
ATLANTIC BAY MORTGAGE GROUP LLC,29
Southwest Stage Funding,28
Quality Loan Service Corporation,28
FULTON FINANCIAL CORPORATION,28
"Acra Intermediate Holdings, LLC",28
MORGAN STANLEY & CO. LLC,27
WINNPOINTE CORPORATION,26
Siwell Inc,26
Ralis Services Corporation,26
INVESTORS BANK,26
"Home Loan Center, Inc.",26
BOEING EMPLOYEES CREDIT UNION,26
FIRST AMERICAN FINANCIAL CORPORATION,26
SOUTHSTATE CORPORATION,25
STATE EMPLOYEES CREDIT UNION,25
TRUSTMARK CORPORATION,25
NETWORK CAPITAL FUNDING CORP,25
AmeriFirst Financial Corporation,25
CADENCE BANK,24
9,24
AMERICAN FINANCING CORPORATION,24
AMERICAN NEIGHBORHOOD MORTGAGE,23
Security National Financial Corp,22
"SAMC Honebee TRS, LLC",22
"Long & Foster Financial Services, Inc.",22
CORELOGIC INC,22
EAST WEST BANK,22
10,22
TCF FINANCIAL CORPORATION,21
VALLEY NATIONAL BANCORP,21
"Paramount GR Holdings, LLC",21
GSF MORTGAGE CORP,21
COLORADO HOUSING AND FINANCE AUTHORITY,21
"Pacific Union Financial, LLC",20
CountryPlace Acceptance Corporation,20
"Trinity Financial Services, LLC",19
"WYNDHAM CAPITAL MORTGAGE, INC.",19
"SYNERGY ONE LENDING, INC.",19
OCEANSIDE MORTGAGE COMPANY,19
"Lil' Wave Financial, Inc.",19
INTERFIRST MORTGAGE COMPANY,19
"Flatonia Investments, LLC",19
Finance of America Mortgage LLC,19
"Sovereign Lending Group, Incorporated",18
ROYAL UNITED MORTGAGE LLC,18
"SUMMIT FUNDING, INC.",18
"GOLDEN 1 CREDIT UNION, THE",18
First Technology Federal Credit Union,18
"WATERMARK CAPITAL, INC.",17
WEICHERT FINANCIAL SERVICES,17
"SoFi Mortgage, LLC",17
"MUTUAL OF OMAHA MORTGAGE, LLC",17
NJ LENDERS CORP,17
MORTGAGE SOLUTIONS OF COLORADO,17
HANCOCK WHITNEY BANK,17
"AMERINATIONAL COMMUNITY SERVICES, INC.",17
Zillow Group Inc.,16
"WASHINGTON FEDERAL BANK, NATIONAL ASSOCIATION",16
POPULAR BANK,16
"LoanUnited.com, LLC",16
FIRST NATIONAL BANK OF OMAHA,16
Home American Mortgage Corp,16
FIRST GUARANTY MORTGAGE CORP,16
EMBRACE HOME LOANS,16
"FBC MORTGAGE, LLC",16
12,16
TOWNE MORTGAGE COMPANY,15
RUOFF MORTGAGE,15
State Home Mortgage,15
RENASANT CORPORATION,15
NVR INC.,15
"NATIONWIDE MORTGAGE BANKERS, INC.",15
"Longbridge Financial, LLC",15
KONDAUR CAPITAL CORPORATION,15
EQUITY LOANS LLC,15
"BERKSHIRE HILLS BANCORP, INC",15
"Commerce Home Mortgage, Inc",15
"Select Financial Services, Inc.",14
WESTSTAR MORTGAGE CORPORATION,14
Volunteer Mortgage Loan Servicing,14
STANDARD MORTGAGE CORPORATION,14
Royal Pacific Funding Corporation,14
FIRST HOME MORTGAGE CORPORATION,14
Comerica,14
WATERSTONE MORTGAGE CORPORATION,13
"UNITED BANKSHARES, INC.",13
"WESTERN UNION COMPANY, THE",13
MEGASTAR FINANCIAL CORP,13
"Global Equity Finance, Inc.",13
"FIRST MIDWEST BANCORP, INC.",13
"JAN (LendUSA) Holdings, Inc.",13
11,13
"West Coast Servicing, Inc.",12
"United Military Mortgage, LLC",12
Santander Consumer USA Holdings Inc.,12
SIMMONS FIRST NATIONAL CORPORATION,12
TAYLOR MORRISON HOME FUNDING,12
"Panorama Mortgage Group, LLC",12
RESIDENTIAL HOME FUNDING CORP.,12
NORTHWEST BANCSHARES INC,12
"PROSPERITY BANCSHARES, INC.",12
On Q Financial,12
OneMain Finance Corporation,12
FIRST HORIZON BANK - WEST CONGRESS STREET BRANCH,12
FIRST FINANCIAL BANCORP,12
CADENCE BANCORPORATION,12
"Financial Freedom Mortgage, LLC",12
"Ark-La-Tex Financial Services, LLC",12
SCHOOLSFIRST FEDERAL CREDIT UNION,11
"Midwest Loan Services, Inc.",11
RELIANCE FIRST CAPITAL LLC,11
"KBHS Home Loans, LLC",11
"HOPE BANCORP, INC.",11
BANNER CORPORATION,11
BANK OF HAWAII CORPORATION,11
EarnUp Inc.,11
FIRST CONTINENTAL MORTGAGE LTD,11
"Amcap Investments, LLC",11
Angel Oak Home Loans LLC,11
"AMERIFIRST FINANCIAL, INC.",11
15,11
"Aldridge Pite, LLP",11
"WESBANCO BANK, INC.",10
TOLL BROTHERS INC,10
"THE MONEY HOUSE, INC.",10
UNITED COMMUNITY BANK,10
"Millennial Home Lending, Inc",10
"NEXA Mortgage, LLC",10
Meadowbrook Financial Mortgage Bankers Corp.,10
OLD NATIONAL BANK,10
"ONEMAIN FINANCIAL HOLDINGS, LLC.",10
"Michigan Mutual, Inc.",10
"HARBORONE MORTGAGE, LLC",10
LEADER ONE FINANCIAL CORPORATION,10
HIGHLANDS RESIDENTIAL MORTGAGE,10
"Lenderfi, Inc.",10
Bay Equity LLC,10
BAY VALLEY MORTGAGE GROUP,10
CALCON MUTUAL MORTGAGE LLC DBA ONETRUST HOME LOANS,10
"B&B Funding, LLC",10
"COMMUNITY BANK SYSTEM, INC.",10
Credit Plus Inc,10
ALLIED MORTGAGE GROUP,10
AmWest Funding Corp.,10
SFMC L.P.,9
TOP FLITE FINANCIAL INC,9
"MOUNTAIN WEST FINANCIAL, INC.",9
"NFM, INC",9
MID-ISLAND MORTGAGE CORP.,9
MORTGAGE CLEARING CORPORATION,9
"RANLife, Inc.",9
PENNSYLVANIA HOUSING FINANCE AGENCY,9
"PINNACLE FINANCIAL PARTNERS, INC.",9
"HABITAT FOR HUMANITY INTERNATIONAL, INC.",9
JMAC LENDING INCORPORATED,9
HOMESTAR FINANCIAL CORPORATION,9
"McCalla Raymer Leibert Pierce, LLC",9
"Lima One Capital, LLC",9
FIRST REPUBLIC BANK,9
JAMES B. NUTTER & COMPANY,9
"BANKUNITED, NATIONAL ASSOCIATION",9
BANK OZK,9
Evergreen Moneysource Mortgage Company,9
CONTOUR MORTGAGE CORPORATION,9
"Figure Technologies, Inc",9
FIRST CENTENNIAL MORTGAGE CORP,9
"BWW Law Group, LLC",9
"ATHAS CAPITAL GROUP, INC.",9
16,9
VANDYK MORTGAGE CORPORATION,8
"SUCCESS MORTGAGE PARTNERS, INC",8
"SHM Holdings, LLC",8
"Solidifi US, Inc.",8
Stockton Mortgage Corporation,8
SPRINGLEAF FINANCE CORPORATION,8
SYNCHRONY FINANCIAL,8
"WMC MORTGAGE, LLC",8
"SOUTHWEST FUNDING, LP",8
"Norwich Commercial Group, Inc.",8
MLD MORTGAGE INC,8
NATIONWIDE ADVANTAGE MORTGAGE COMPANY,8
"PARKSIDE LENDING, LLC",8
"NP, INC.",8
"MORTGAGE CENTER, LC",8
Greentree & Associates,8
"GMFS, LLC",8
Lenox Financial Mortgage Corporation,8
"Geneva Financial, LLC, Chandler, AZ Branch",8
"MCCUE MORTGAGE COMPANY, THE",8
"InterLinc Mortgage Services, LLC",8
"MB FINANCIAL, INC.",8
GOLDEN EMPIRE MORTGAGE INCORPORATED,8
Iconic Mortgage Corp.,8
"Caliver Beach Mortgage, LLC",8
CATHAY BANK,8
Data Mortgage Inc.,8
Credence Funding Corporation,8
"DAS ACQUISITION COMPANY, LLC",8
17,8
Amos Financial LLC,8
"Altisource Portfolio Solutions, S.Ã  r.l.",8
American Mortgage Service Company,8
19,8
Aura Mortgage Advisors LLC,8
ACRE MORTGAGE,8
"Aurora Financial, LLC",8
Title365 Holding Co.,7
Secure One Capital Corporation,7
TOTAL MORTGAGE SERVICES LLC,7
"TRUHOME SOLUTIONS, LLC",7
Veripro Solutions Inc.,7
UBS BANK USA,7
SecurityNational Mortgage Company,7
TOWNEBANK,7
"THRIVE MORTGAGE, LLC",7
Spring Equity LLC,7
"OCMBC, Inc",7
Prime Choice Funding Inc.,7
"Moria Development, Inc.",7
"Metropolitan Home Mortgage, Inc.",7
"NATIONAL ASSET MORTGAGE, LLC",7
"Madison Management Services, LLC",7
"LoanFlight Lending, LLC",7
Fortren Funding LLC,7
"GUIDANCE RESIDENTIAL, LLC",7
Homespire Mortgage Corp,7
Home Mortgage Alliance Corp. (HMAC),7
"HAMILTON GROUP FUNDING, INC.",7
Kentucky Housing Corporation,7
"Filo Mortgage, L.L.C.",7
"Colten Mortgage, LLC",7
"CHARLES SCHWAB CORPORATION, THE",7
"Cascade Mortgage, Inc.",7
Cstone Mortgage Inc,7
"CBC Companies, Inc.",7
"Fein, Such, Kahn & Shepard, P.C.",7
COMMERCE BANK,7
"Dyck-O'Neal, Inc.",7
FEARON FINANCIAL LLC,7
CITYWORTH MORTGAGE LLC,7
"BCI FINANCIAL GROUP, INC.",7
"FIRST COMMUNITY MORTGAGE, INC.",7
13,7
"Atlantic Union Bankshares, Inc.",7
14,7
26,7
Allied Servicing Corporation,7
"TRIDENT MORTGAGE COMPANY, LP",6
VIRGINIA HOUSING DEVELOPMENT AUTHORITY,6
"SOUTH STATE BANK, NATIONAL ASSOCIATION - 520 GERVAIS STREET BRANCH",6
SANTANDER BANCORP,6
SAMUEL I WHITE PC,6
UNITED MORTGAGE CORP,6
United Built Homes LLC,6
"MORTGAGE FIRM, INC., THE",6
Residential Bancorp,6
PIKE CREEK MORTGAGE SERVICES,6
"MEMBER FIRST MORTGAGE, LLC",6
LOAN SIMPLE INC.,6
"Ladera Lending, Inc",6
HOME FINANCING CENTER,6
"FIRST INTERSTATE BANCSYSTEM, INC.",6
"Celebrity Financial, Inc.",6
Draper and Kramer Mortgage Corp.,6
CENTERSTATE BANK CORPORATION,6
Common Wealth Mortgage Services,6
FIRST CHOICE LOAN SERVICES INC.,6
"E Mortgage Capital, Inc.",6
C2 Financial Corporation,6
EASTERN BANKSHARES INC,6
"First Equity Mortgage Bankers, Inc.",6
CHERRY CREEK MORTGAGE COMPANY INC.,6
ENCORE CAPITAL GROUP INC.,6
Consumer Real Estate Finance Co.,6
"1ST FINANCIAL, INC.",6
Alliance Data Card Services,6
"All Credit Considered Mortgage, Inc.",6
AMERICA FIRST FEDERAL CREDIT UNION,6
SOUTHERN TRUST MORTGAGE LLC,5
"SEMPER HOME LOANS, INC",5
STIFEL FINANCIAL CORP.,5
"Thrivepoint Financial Holdings, Inc.",5
"UNITED FIDELITY FUNDING, CORP",5
NATIONS RELIABLE LENDING,5
"Red Mortgage, Inc.",5
"Pacific Home Loans, Inc",5
"Ovation Financial Services, LLC",5
MECHANICS BANK,5
"Neighborhood Capital Funding, Inc.",5
"RIGHT START MORTGAGE, INC.",5
Redfin Corporation,5
"NOVA Financial Holding Company, LLC",5
"Northern Trust Company, The",5
Resurgent Capital Services L.P.,5
"Neighborhoods United, LLC",5
REMAX,5
"MDE Home Loans, LLC",5
MORTGAGE LENDERS OF AMERICA,5
National Default Servicing Corporation,5
"Nudge Funding, LLC",5
PLATINUM HOME MORTGAGE CORPORATION,5
"Franklin Mortgage Solutions, LLC",5
"Jersey Mortgage Company of New Jersey, Inc.",5
HOMESTEAD FUNDING CORPORATION,5
Ghidotti | Berger LLP,5
GOLD STAR MORTGAGE FINANCIAL,5
"Live Well Financial, Inc.",5
Gotmortgage.com,5
Loan Cabin Inc.,5
Massachusetts Housing Finance Agency (MassHousing),5
"Harmon Law Offices, P.C.",5
Glacier Bancorp Inc.,5
"FRANKLIN FIRST FINANCIAL, LTD",5
IOWA BANKERS MORTGAGE CORPORATION,5
MCLEAN MORTGAGE CORPORATION,5
Chaos Home Loans LLC,5
"Equity Settlement Services, Inc.",5
Crown Mortgage Co.,5
"COLUMBIA BANKING SYSTEM, INC.",5
"Brock & Scott, PLLC",5
Best Capital Funding,5
Credible Labs Inc.,5
Family First Funding LLC,5
25,5
ASPIRE FINANCIAL INC.,5
Angel Oak Mortgage Solutions LLC,5
18,5
21,5
ACOPIA CAPITAL GROUP,5
AMERICAN PORTIFOLIO MORTGAGE,5
22,5
Arcus Lending Inc,5
"ADVISORS MORTGAGE GROUP, LLC",5
"ASSURANCE FINANCIAL GROUP, LLC",5
39,5
"TJC Mortgage, Inc.",4
WILLOW BEND MORTGAGE,4
"STL HOLDING COMPANY, LLC",4
SUNCOAST CREDIT UNION,4
"Solar Mosaic, Inc.",4
UNITED GUARANTY CORPORATION,4
Ygrene Energy Fund Inc.,4
South Carolina State Housing Finance and Development Authority,4
TRANSWORLD SYSTEMS INC,4
ROSS MORTGAGE CORPORATION,4
OPEN MORTGAGE LLC,4
"OVM FINANCIAL, INC",4
"Prospect Financial Group, Inc",4
"ONE REVERSE MORTGAGE, LLC",4
Residential Credit Opportunities Trust,4
"New Imagitas, Inc",4
RAYMOND JAMES BANK,4
"ONY GLO, INC.",4
Renew Financial Holdings Inc,4
Richard A. Weidel Corporation,4
Podium Mortgage Capital LLC,4
"Premier Mortgage, LLC",4
Pilgrim Mortgage LLC,4
MANN FINANCIAL INC.,4
Liberty Home Mortgage Corporation,4
"Leopold & Associates, LLC",4
"HOME BANCSHARES, INC.",4
"Loan Monkey, Inc.",4
First Mortgage Solutions,4
GREENTREE MORTGAGE CO. L.P.,4
"HomeTown Lenders, LLC",4
LEXISNEXIS,4
INDEPENDENT BANK CORP.,4
FIRST MORTGAGE COMPANY,4
"Intelliloan, Inc",4
Hanna Holdings Inc,4
"Flat Branch Mortgage, Inc.",4
"GREAT WESTERN BANCORP, INC.",4
Kirkland Financial LLC,4
EnTrust Funding,4
"Direct Mortgage, Corp.",4
BARCLAYS BANK DELAWARE,4
CITYWIDE HOME LOANS,4
eMortgage Funding LLC,4
Deutsche Bank,4
Castle and Cookie Mortgage LLC,4
E*TRADE BANK,4
46,4
28,4
"Aqua Finance, Inc.",4
360 MORTGAGE GROUP LLC,4
Absolute Home Mortgage Corporation,4
49,4
48,4
ATLANTIC HOME LOANS INC.,4
"AMERICAN BANCSHARES MORTGAGE, LLC",4
29,4
33,4
WESTERN ALLIANCE BANCORPORATION,3
"WALLICK AND VOLK, INC",3
"Summit AmeriFirst Holdings, Inc.",3
"Service Finance Holdings, LLC",3
Stewart Information Services,3
"The Orange Coast Company, LLC",3
Williston Financial Group,3
"SunnyHill Financial, Inc.",3
WALL STREET MORTGAGE BANKERS,3
Tiptree Financial Inc.,3
SIRVA WORLDWIDE INC.,3
T2 Financial LLC,3
"TEXAS CAPITAL BANCSHARES, INC.",3
"Universal Capital Services, Inc.",3
"SANDY SPRING BANCORP, INC.",3
US MORTGAGE CORPORATION,3
"Tri-Emerald Financial Group, Inc.",3
"V.I.P. MORTGAGE, INC.",3
"Zeus Mortgage, Ltd.",3
"Veristone Mortgage, LLC",3
"South River Mortgage, LLC",3
MEGA CAPITAL FUNDING INC.,3
"OLD REPUBLIC TITLE HOLDING COMPANY, INC",3
"Nationwide Title Clearing, Inc.",3
PORTFOLIO RECOVERY ASSOCIATES INC,3
MORTGAGE INVESTORS GROUP,3
PREFERRED MORTGAGE CORPORATION,3
"NETWORK FUNDING, L.P.",3
"Parkway Financial Group, LLC",3
Republic State Mortgage Co.,3
MOUNTAIN AMERICA FEDERAL CREDIT UNION,3
Residential Home Mortgage Corporation,3
RANDOLPH-BROOKS FEDERAL CREDIT UNION,3
Nation One Mortgage Corporation,3
MORTGAGE 1 INCORPORATION,3
"Reali, Inc.",3
"LoanSnap, Inc.",3
"INDEPENDENT BANK GROUP, INC.",3
"FIRSTRUST MORTGAGE, INC.",3
FIRST MERCHANTS CORPORATION,3
Informative Research,3
GOLDMAN SACHS BANK USA,3
Innovis,3
"James E. Albertelli, P.A., a Florida professional association",3
HOMEOWNERS FINANCIAL GROUP USA,3
JLB CORPORATION,3
HALLMARK HOME MORTGAGE LLC,3
"GRIFFIN FUNDING, INC.",3
LOAN SERVICING GROUP,3
Market Place Mortgage Corp.,3
FRANKLIN LOAN CORPORATION,3
Law Offices of Les Zieve,3
"Lend Smart Mortgage, LLC",3
Lending Club Corp,3
"Credit Technologies, Inc.",3
"Clear Mortgage Capital, Inc.",3
"Fidelity Direct Mortgage, LLC",3
CERTAINTY HOME LOANS LLC,3
CITY NATIONAL BANK,3
"AZ Home Loans, LLC",3
CIBC BANCORP USA INC.,3
"BOGMAN, INC",3
CIS DIRECT LENDING,3
"EQUITY RESOURCES, INCORPORATED",3
City First Mortgage Corp,3
"E MORTGAGE MANAGEMENT, LLC",3
"Barrett Financial Group, L.L.C.",3
FACTUAL DATA CORP.,3
"EMCC Holdings, LLC",3
CBC Mortgage Agency,3
"Aspen Properties Group, LLC",3
Apex Mortgage LLC,3
"Atlantic Mortgage and Funding, Inc.",3
30,3
"1ST ALLIANCE LENDING, LLC",3
32,3
58,3
"August Real Estate Investments, LLC",3
64,3
AMERICAN EXPRESS COMPANY,3
ALCOVA MORTGAGE LLC,3
"AMERICAN MORTGAGE & EQUITY CONSULTANTS, INC.",3
66,3
American Mortgage Investment Partners Fund I Trust,3
"Asset Management Holdings, LLC",3
41,3
Activus Corporation,3
44,3
TriStar Finance Inc.,2
"SW Linear Investment Group, LLC",2
SOUTHEAST MORTGAGE OF GA INC,2
"Vellum Mortgage, Inc.",2
"SML Capital, Inc.",2
"Town & Country Mortgage Services, INC.",2
The Home Loan Expert LLC,2
SUNSTREET MORTGAGE LLC,2
"Servion, Inc.",2
"VERITAS FUNDING, LLC",2
William Lyon Mortgage LLC,2
"VICTORIAN FINANCE, LLC",2
"WINN LAW GROUP, APC",2
"Shapiro, DiCaro & Barak, LLC",2
"Sign on the Line, Inc.",2
SUN AMERICAN MORTGAGE,2
Rock Holdings Inc.,2
"ZINC Financial, Inc.,",2
West One Capital Group Inc.,2
Swe Homes LP,2
WESTERN EXPRESS LENDING,2
Title Security Agency LLC,2
STONEGATE MORTGAGE CORPORATION,2
"Rubin Lublin, LLC",2
US Mortgage Resolution LLC,2
"Statewide Mortgage, LLC",2
"WILSON & ASSOCIATES, PLLC",2
"TOWNE MORTGAGE, LLC",2
The Cadle Company,2
SERVICELINK LOSS MITIGATION SERVICES,2
"Tona Mortgage, LLC",2
"Wedgewood, LLC",2
YALE MORTGAGE CORPORATION,2
TAMMAC HOLDINGS CORP,2
snw investments,2
Telsa Motors Inc,2
"snapfi, inc.",2
"SOUTHPOINT FINANCIAL SERVICES, INC.",2
Shea Mortgage Inc.,2
TEAM USA MORTGAGE L.L.C.,2
"NOTE SERVICING CENTER, INC.",2
Quality S Investments,2
OAKTREE FUNDING CORPORATION,2
"MORTGAGE UNLIMITED, LLC",2
Quik Fund Inc.,2
"Peoples Home Equity, Inc.",2
"PACE Funding Group, LLC",2
Rapid Mortgage Company,2
"Residential Mortgage Services Holdings, Inc.",2
RMK Financial Corp,2
"Pluese, Becker & Saltzman, LLC",2
"RCS Recovery Services, LLC",2
River City Mortgage LLC,2
"Nationwide Biweekly Administration, Inc.",2
NewFed Mortgage Corp,2
"National Asset Direct, Inc.",2
"Pinnacle Lending Group, Inc.",2
NATIONWIDE EQUITIES CORP,2
Ocean Lending Home Loans,2
PERL MORTGAGE,2
Residential Title & Escrow Co,2
"Phelan Hallinan Diamond & Jones, PC",2
"My Mortgage, Inc.",2
Mills Escrow Company,2
Rhode Island Housing and Mortgage Finance Corporation,2
"Poser Investments, Inc.",2
MEMBER MORTGAGE SERVICES,2
Partners for Payment Relief,2
Mortgage Connect LP,2
"MIDWEST EQUITY MORTGAGE, LLC",2
Opensky Legal Services,2
"Innovative Mortgage Services, Inc.",2
HANCOCK MORTGAGE PARTNERS LLC,2
Manley Deas & Kochalski LLC,2
Intelligent Mortgage and Consulting Services LLC,2
Law Offices of Jeffrey Nadel,2
Lendmark Financial Services,2
"GreenSky, LLC",2
"Foundation Title & Settlement Services, LLC",2
"MARINER FINANCE, LLC",2
"GOOGAIN, INC.",2
Forthright Funding Corporation,2
"HOME LENDING GROUP, LLC, THE",2
"Global Financial Mortgage, LLC.",2
LHM Financial,2
"LoanHero, Inc",2
"Liberty Finance Co., Inc.",2
GUARANTY HOME MORTGAGE CORPORATION,2
"Great Western Financial Services, Inc.",2
Legal Alliance Network,2
HomePlus Corporation,2
General Mortgage Capital Corporation,2
GARDEN STATE HOME LOANS INCORPORATED,2
"McCarthy & Holthus, LLP",2
KWIK MORTGAGE CORPORATION,2
"FIRST HAWAIIAN, INC.",2
"CORNERSTONE MORTGAGE, INC.",2
F&B Acquisition Group LLC,2
"Equinox Home Financing, Inc.",2
"Credit Karma, LLC",2
"Fenix Holdings, LLC",2
Crossroads Systems Inc.,2
"First Choice Lending Services, LLC",2
"C & E Financial Group, Inc.",2
"Chattanooga Neighborhood Enterprise, Inc.",2
Customer Service Mortgage Corporation,2
"Churchill Holdings, Inc.",2
DELMAR FINANCIAL COMPANY,2
"Capital Benefit, Inc.",2
"ClosingMark Financial Services, LLC",2
FIRST ALLIANCE HOME MORTGAGE,2
Developers Mortgage Co.,2
"First Direct Lending, LLC",2
Belem Servicing LLC,2
EUSTIS MORTGAGE CORPORATION,2
"DIME COMMUNITY BANCSHARES, INC.",2
EZ FUNDINGS Inc.,2
DIRECT LENDERS LLC,2
"FC LENDING, LTD.",2
"Direct Mortgage Loans, LLC",2
"AXIA FINANCIAL, LLC",2
"Dorough & Dorough, LLC",2
Campos Financial Corp.,2
Drexel Mortgage Corporation,2
BANC ONE MORTGAGE CORPORATION,2
"Coastal Credit, LLC",2
"Capital For Change, Inc.",2
East Coast Capital Corp,2
"First American Solutions, LLC",2
Elite Mortgage Funding inc,2
"Civic Financial Services, Inc.",2
Empire Mortgage (NV),2
"Endeavor Capital, LLC",2
"EMI Equity Mortgage, Inc.",2
20,2
40,2
"APPLE FINANCIAL HOLDINGS, INC.",2
132,2
"AMERICAN HOME MORTGAGE, INC.",2
Alorica Inc.,2
75,2
125,2
"Approved Mortgage Source, LLC",2
24,2
34,2
AmNet ESOP Corporation,2
AMERICAN SECURITY MORTGAGE CORPORATION,2
72430,2
42,2
Alamo Premier Mortgage Group Inc,2
59,2
158,2
A1 Holding Group LLC,2
Amerifund Home Mortgage LLC,2
100,2
45,2
"Advantage Credit, Inc.",2
63,2
"Summit Mortgage Group, LLC",1
SLM CORPORATION,1
"TRICO FINANCIAL SERVICES, LLC",1
"United Mortgage Services, LLC",1
"Wisconsin Title Group, LLC",1
TIDEWATER MORTGAGE SERVICES,1
WCDA WYOMING COMMUNITY DEVELOPMENT AUTHORITY,1
"Tier Capital, LLC",1
Sarma,1
"Tiffany & Bosco, P.A.",1
"Success Mortgage, LLC",1
UNIVERSAL LENDING CORP.,1
"The Lemoine Group, Inc",1
"Timios, Inc.",1
Shop Your Own Corp,1
SIBCY CLINE MORTGAGE SERVICE,1
"TreeMac Funding Group, LLC",1
TITLE FINANCIAL CORPORATION,1
Stewart Title of Sacramento\Placer,1
Springboard CDFI,1
Skyline Financial Corp.,1
Van Patten Mortgage Group,1
"Storehouse Mortgage, LLC",1
Sentrix Financial Services,1
Unifirst Mortgage Corporation,1
TitleMax LLC,1
"WOLFE FINANCIAL, INC.",1
VanKeef Financial LLC,1
THE MORTGAGE EXPERTS LLC,1
ROCKY MOUNTAIN MORTGAGE COMPANY,1
United Home Loan Services Inc.,1
"TLP Mortgage Advisors, LLC",1
"South Fork Funding, inc.",1
"Superior Home Loans, Inc.",1
Secure Lending Incorporated,1
Superior Settlement Services LLC,1
"Sindeo, Inc.",1
Signature Bank (NY),1
"SHD Legal Group, P.A.",1
Victory Realty at the Greene LLC,1
Southern Management Systems Inc.,1
Signature Home Lending Inc,1
Roc Capital Holdings LLC,1
VIP Mortgage Inc.,1
"WestGen Lending, a DBA of Beckam Funding",1
"Tower Loan of Mississippi, Inc.",1
TyKy,1
Visio Financial Services Inc.,1
"SMI Lending, Inc.",1
"Vision Mortgage Company, Ltd.",1
Unified Lending Inc.,1
"Vitek Real Estate Industries Group, Inc.",1
Wisconsin Housing and Economic Development Authority,1
Swan Financial Corporation,1
"Summerfield Mortgage, LLC",1
VW Credit,1
"Unitas Lending, LLC",1
"WAKEFIELD & ASSOCIATES, INC.",1
SC Opportunity Fund LLC,1
"Wall Financial, Inc.",1
SCENIC OAKS FUNDING,1
"Town Square Mortgage & Investments, LLC",1
"Zillow Group Marketplace, Inc.",1
"Sortis Financial, Inc.",1
"Snap Mortgage, LLC",1
SIGNATURE MORTGAGE CORPORATION,1
"States Title Holding, Inc.",1
"RCO Legal, P.S.",1
MORTGAGE CORPORATION OF THE SOUTH,1
NEW YORK COMMUNITY BANK,1
PHILADELPHIA MORTGAGE ADVISORS,1
"MORTGAGE AMERICA, INC",1
NOVA Financial & Investment Corporation,1
Mortgage Banking Associates Inc,1
Mohsin Mortgage Corp.,1
"Residential Mortgage Solutions, Inc.",1
"Pingora Holdings, LP",1
"MEMBERS MORTGAGE COMPANY, INC.",1
"Pinnacle Asset Management, LLC",1
"Rate Plus, Inc.",1
Pinnacle Finance LLC,1
REARDEN S INCORPORATED,1
MORTGAGE INVESTORS CORPORATION,1
"Multi-Financial Services, Inc.",1
"Merchants and Medical Credit Corporation, Inc.",1
Residential Funding Consultants LLC,1
"NSA Partners, Ltd.",1
"National Asset Advisors, LLC",1
NTFN INC.,1
MORTGAGE FINANCIAL SERVICES,1
"Nu World Title, LLC",1
"Neighborhood Housing Services of Toledo, Inc.",1
"PLM Lender Services, Inc.",1
"ORG GC GP Buyer, LLC",1
MoneyLion Inc.,1
RateGenius Loan Services Inc,1
"Plutos Sama, LLC",1
PACIFIC FORESIGHT FINANCIAL CORPORATION,1
"PMR Progressive, LLC",1
"PACIFIC PREMIER BANCORP, INC.",1
"MORTGAGE LINK, INC., THE",1
"Redstone Funding, LLC",1
"Oak Harbor Capital, LLC",1
"Paragon Mortgage Services, Inc.",1
"Point Digital Finance, Inc.",1
Mercedes Benz Financial Services,1
POLARIS HOME FUNDING CORP,1
Patriot Mortgage Corporation,1
"POLI MORTGAGE GROUP, INC.",1
"RESMAC, INC.",1
"Mortgage One Solutions, Inc.",1
Normandy Corporation,1
"Porania, LLC",1
"MORTGAGE EXPRESS, LLC",1
Monterey Financial Services LLC,1
Miles Funding LLC,1
Moran Financial Group LLC,1
Quick Debt Services LLC,1
Potomac Trust Mortgage Company LLC,1
"R J Baucum Enterprises, Inc.",1
Preferred Finanical Services Corporation,1
"Option Funding, Inc.",1
Nationwide Servicing Center Inc,1
Neighhood Housing Services of Chicago Inc,1
"PREMIER HOME MORTGAGE, INC.",1
"Rate Rabbit, Inc.",1
Premier Lending and Real Estate,1
"Nelnet, Inc.",1
"Premier Lending, Inc.",1
Nemovi Law Group,1
"Nationwide T & L Holdings, LLC",1
Mortgage Bank of California,1
PREMIUM MORTGAGE CORP,1
Pacific Mortgage Planning LLC,1
Primary Financial Services L.L.C.,1
RedBrick Financial Group Inc.,1
"O'Kelley & Sorohan, Attorneys at Law, LLC",1
"Redfin Mortgage, LLC",1
"Mortgage Team 1, Inc.",1
PACIFIC WESTERN BANK,1
Old Republic National Title Holding Co.,1
"Reliant Home Funding, Inc.",1
Priority Financial Network,1
NEW YORK COMMUNITY BANCORP INC,1
Priority Financial Services,1
Park Company Realtors,1
"Pro Equity Partners, Inc.",1
Mickel Law Firm. P.A.,1
Professional Mortgage Associates,1
Nexera Holding LLC,1
"Navient Solutions, LLC.",1
PCF Holdings Corp.,1
"Prospect Mortgage, LLC",1
"Mobiloans, LLC",1
PROSPER FIRST FUNDING CORPORATION,1
RESOURCE PRO,1
"Prosper Marketplace, Inc.",1
NOBLE HOME LOANS INC,1
"MILEND, INC.",1
NORTH AMERICAN FINANCIAL CORP,1
"PROVIDENT FINANCIAL SERVICES, INC.",1
"Right Key Mortgage, LLC",1
NBT BANCORP INC.,1
"Peter T. Roach and Associates, P.C.",1
Neat Capital Inc.,1
National Loan Investors LP,1
Purpose Funding Inc.,1
"Lightspeed Mortgage, Inc.",1
Intercoastal Mortgage LLC,1
"LoanLeaders of America, Inc.",1
INTERNATIONAL CITY MORTGAGE,1
"Imagine Home Lending, LLC",1
"International Mortgage & Finance Group, Inc.",1
"HomeLight, Inc.",1
InvestMark Mortgage,1
First Midwest Financial,1
Fleet Mortgage Corp,1
"Frontline Financial, LLC",1
"Invicta Mortgage Group, Inc.",1
"Grassland Financial Services, LLC",1
"Home Approvals Direct, Inc.",1
"Lipsky & Associates, Inc",1
"iReverse Home Loans, Corporation",1
"Loanatik, L.L.C.",1
"ITALBANK INTERNATIONAL, INC.",1
Global Lending Services LLC,1
HOMETOWN EQUITY MORTGAGE,1
Magnum Association Services,1
FIRSTBANK,1
"Heavner, Beyers & Mihlar LLC",1
"JAMS-01, Inc",1
iHome Financial Inc.,1
HOMETRUST MORTGAGE COMPANY,1
LEVEL 4 FUNDING LLC,1
Jefferson Title Corporation,1
"Liberty Home Equity Solutions, Inc.",1
"GEORGETOWN MORTGAGE, INC.",1
Infinity Home Lending,1
Jet Direct Funding Corp,1
"LKN Capital Mortgage, Inc.",1
FlexPoint Mortgage Corporation,1
Home Financial Corporation,1
"Homie Technology, Inc",1
INTEGRITY CREDIT CORPORATION,1
"First Title & Escrow, Inc",1
GOLDEN BEAR CAPITAL INC.,1
"Jones & Walden, LLC",1
"LYONS MORTGAGE SERVICES, INC.",1
FLORIDA HOME TRUST MORTGAGE,1
Madison Avenue Associates,1
Hightechlendinginc,1
"McCullough Payne & Haan, LLC",1
"Kass Shuler, P.A.",1
Mason McDuffie Mortgage Corporation,1
Greenway Mortgage Funding Corp.,1
Homestead Designation Services,1
KENT MORTGAGE CORPORATION,1
Flagship Financial Group,1
"HOUSTONIAN MORTGAGE GROUP, INC.",1
First Reliance Holdings LLC,1
Florida Pro Mortgage LLC,1
"LeVasseur Dyer & Associates, PC",1
"Keystone Funding, Inc.",1
"iMove Mortgage, LLC",1
"KILOWATT FINANCIAL, LLC, A SPRUCE FINANCE COMPANY",1
"Homefront Mortgages, Inc",1
HR MORTGAGE CORPORATION,1
"HomeKey Lending, LLC",1
GERSHMAN INVESTMENT CORPORATION,1
"Indian River County Habitat for Humanity, Inc.",1
"FirstKey Holdings, LLC",1
"Linear Title & Closing, Ltd",1
GUARANTEED HOME MORTGAGE COMPANY,1
FundLoans Capital,1
"Ladera Ranch Home Loans, Inc.",1
Lo Inc. DBA Reliance Mortgage,1
FORD MOTOR CREDIT CO.,1
Home Base Mortgage Group,1
Lakeview Mortgage Bankers Corp.,1
Insight Financial Services LLC,1
Hudson United Mortgage LLC,1
Handshake Home Loans Inc.,1
Landed Home Loans LLC,1
Integrity Financial Corp. DBA US Loan Servicing,1
Landmark Mortgage LLC,1
Homes By Hunt LLC,1
Law Office of Anthony C. Onwuanibe,1
LOBEL FINANCIAL CORPORATION,1
"HUNTER FINANCIAL GROUP, LLC",1
"Harbour Portfolio Advisors, LLC",1
First Home Equity Loans LLC,1
M Squared Financial LLC,1
"FIRST PRIORITY MORTGAGE, INC.",1
"M. Richard Epps, P.C.",1
"LD Settlement Services, LLC",1
Global Trust Finance,1
Hypotec Inc.,1
Makower Abbate Guerra Wegner Vollmer PLLC,1
Legacy Title Service,1
"Friedman Law Associates, PC",1
"I.Q. DATA INTERNATIONAL, INC.",1
GMH Associates Inc.,1
"LEIJA ENTERPRISES, INC.",1
"HEAD MERCANTILE CO., INC.",1
"MCS MORTGAGE BANKERS, INC.",1
Intercounty Mortgage Network Corp.,1
LENDER LIVE,1
Great Northern Mortgage Corp.,1
"Full Service Mortgage Group, LLC",1
Julem Capital Corp,1
"Intelty, Inc",1
INTERACTIVE MORTGAGE,1
"i3 Lending, Inc",1
Credit One LLC,1
"Brian McCaffrey, Attorney At Law",1
Clayton Holdings LLC,1
CU MORTGAGE SERVICES INC.,1
CREDIT CARD MANAGEMENT SERVICES INC,1
"Double Diamond-Delaware, Inc.",1
Budget Mortgage Corp.,1
Cavalier Mortgage Group,1
DEVAL LLC,1
Balbec Capital LP,1
"Blue Sky Capital Realty, Inc.",1
"CULLEN/FROST BANKERS, INC.",1
Cimmaron Escrow Inc.,1
"First Florida Financial, Inc.",1
"CU Alliance, LLC",1
Cleveland Mortgage Corporation,1
First Colony Mortgage Corp.,1
"CBM Mortgage, Inc.",1
Bueno Title and Escrow,1
"CNC MORTGAGE, LLC",1
Consumer Counseling Centers LLC,1
CUSO Home Lending,1
Chesmar Homes,1
BOVA Financial Group LLC,1
Devgru Financial LLC,1
"BREMER BANK, NATIONAL ASSOCIATION",1
"Diaz Anselmo Lindberg, P.A.",1
Capital Mortgage,1
"Digital Mortgage, LLC",1
CENTRAL BANC MORTGAGE CORPORATION,1
Financial Business and Consumer Solutions.,1
"Central Mortgage Funding, LLC",1
"First American Mitigators, PLLC.",1
Elite 1 Financial Services,1
"Barley Mortgage, LLC",1
"Elite Financial Services, Inc.",1
First Commonwealth Mortgage Corp.,1
"CUSTOMERS BANCORP, INC",1
"Cohn, Goldberg & Deutsch,LLC",1
CENTURY MORTGAGE COMPANY,1
"Credit Union Mortgage Association, Inc.",1
"Community Loan Fund of New Jersey, Inc",1
"F&M Mortgage Group, LLC",1
"Emerge Financial Services, Inc.",1
Fairfax Lending Inc.,1
"Credit Bureau Financial Services, Inc.",1
"Consumer Credit Services, LLC",1
BEXIL AMERICAN MORTGAGE INC.,1
"CHRISTENSEN FINANCIAL, INC.",1
"Daniels Norelli Scully & Cecere, P.C.",1
"BAYSHORE MORTGAGE FUNDING, LLC",1
COMMUNITY MORTGAGE CORPORATION,1
"Devor Mortgage Investment Corp, DBA Quality Home Mortgage",1
"BAY COUNTRYCONSUMER FINANCE,INC.",1
"FIDELITY CAPITAL HOLDINGS, INC",1
Company,1
Fidelity First Real Estate and Mortgage Inc,1
"COMPASS MORTGAGE, INC.",1
"Capital Alliance Financial, LLC",1
C&F MORTGAGE CORPORATION,1
"BANC OF CALIFORNIA, INC.",1
"EQUITY HOME LENDERS, INC",1
"Direct Home Loans, LLC",1
"Brewer's Quality Homes, Inc.",1
Blueleven Capital Corporation,1
COMPUTER SCIENCES CORPORATION,1
"Birchwood Credit Services, Inc.",1
"Consolidated Information Services Solutions, LLC",1
Benefit Mortgage,1
"Escrow and Title Services, Inc.",1
"Castle Credit Co Holdings, LLC, Chicago, IL Branch",1
Escrow Inc,1
"CLA Co, Inc.",1
ETHOS LENDING LLC,1
"First Commerce, LLC",1
"Del Toro Loan Servicing, Inc",1
"Clarfield, Okon, Salomone and Pincus, P.L.",1
Colonial Mortgage Service Co. Of America,1
DMI America Inc,1
"Evesham Mortgage, LLC",1
First Equity Mortgage Group LLC,1
EXECUTIVE FINANCIAL GROUP,1
"Doonan, Graves & Longoria",1
"Cherry Creek Corporate, LLC",1
E Mortgage,1
1079,1
330,1
38,1
"Avantus, LLC",1
722,1
"Avant Holding Company, Inc.",1
AMERICAN FINANCIAL MORTGAGE COMPANY,1
1188,1
262,1
1230,1
52,1
1392,1
794,1
1394,1
185,1
AURORA FINANCIAL GROUP INC,1
"American First Finance, Inc.",1
77,1
250,1
2521,1
275,1
2740,1
389,1
3006,1
Applewood Funding Corporation,1
3143,1
55,1
3899,1
861,1
3907,1
180,1
4596,1
AMERICAN EQUITY MORTGAGE,1
5623,1
35,1
83,1
221,1
88,1
228,1
92,1
254,1
1st Florida Lending CORP,1
American Title Managers LLC,1
1st Franklin Financial Corporation,1
293,1
93,1
359,1
96,1
51,1
360 Mortgage Inc.,1
407,1
71,1
611,1
61,1
724,1
103,1
741,1
"Absolute Mortgage Company, Inc.",1
60,1
105,1
970,1
ACCEPTANCE CAPITAL MORTGAGE,1
168,1
"ACE LENDING GROUP, LLC",1
"America Trust Funding-Mortgage, Bankers LLC",1
111,1
195,1
112,1
211,1
23,1
217,1
117,1
36,1
"Adobe Settlement Group, LLC",1
"American Heritage Capital, LP",1
119,1
AMERICAN HONDA FINANCE CORP,1
AdvantageFirst Lending Inc.,1
"American Liberty Mortgage, Inc.",1
73,1
246,1
128,1
"American Mortgage Services,  Inc",1
AHL Funding,1
258,1
"AKT AMERICAN CAPITAL, INC. DBA AMERICAN CAPITAL CORP.",1
266,1
131,1
"AMERICONSULTANTS, LLC",1
ALAMEDA MORTGAGE CORPORATION,1
276,1
67,1
309,1
133,1
343,1
139,1
373,1
141,1
"A-M-S Mortgage Services, Inc.",1
ALL WESTERN MORTGAGE,1
"Anchor Mortgage, LLC",1
Allen Tate Mortgage Services,1
391,1
146,1
537,1
ALLIANCE FINANCIAL RESOURCES,1
562,1
27,1
Arbor Residential Mortgage LLC,1
"Allied International Credit Corp., (US)",1
53,1
155,1
729,1
157,1
733,1
76,1
786,1
159,1
798,1
ALPHA MORTGAGE CORPORATION,1
849,1
"Alpha Mortgage, LLC",1
953,1
166,1
"Augusta Financial, Inc.",1
Altitude Community Law P.C.,1
31,1
ABC First Inc,1
2040,1
2435,1
1161,1
1100,1
Grand Total,73583